Workbook

Sheet Honor Pledge
A1: On my honor, I, Josh Cha,have neither given nor received unauthorized aid in doing this assignment.

Sheet Prepared Data
A1: Maximum rent price you would pay | B1: What is the maximum value you think you would pay for a product on each of the following categories: - Air Fryer (Groceries product) - Maximum price you would pay: | C1: What is the maximum value you think you would pay for a product on each of the following categories: - Noise Cancelling Headphones (School supply product) - Maximum price you would pay:
A2: 3000 | B2: 400 | C2: 150
A3: 1800 | B3: 40 | C3: 30
A4: 1200 | B4: 100 | C4: 30
A5: 1200 | B5: 100 | C5: 30
A6: 800 | B6: 200 | C6: 100
A7: 1450 | B7: 200 | C7: 100
A8: 1000 | B8: 500 | C8: 300
A9: 800 | B9: 25 | C9: 10
A10: 1200 | B10: 350 | C10: 10
A11: 1200 | B11: 20 | C11: 100
A12: 1000 | B12: 200 | C12: 25
A13: 475 | B13: 60 | C13: 50
... A401: 1200 | B401: 300 | C401: 20
A402: 1500 | B402: 300
A403: 500 | B403: 1000
A404: 1100 | B404: 20
A405: 900 | B405: 320
A406: 5000 | B406: 320
A407: 1000 | B407: 15
A408: 2500 | B408: 20
A409: 2500 | B409: 200
A410: 1300 | B410: 100
A411: 1300 | B411: 500
A412: 1500 | B412: 50
A413: 900
A414: 1400
A415: 1200

Sheet No Outliers
A1: What is the maximum value you think you would pay for a product on each of the following categories: - Rent for a room in a shared apartment - Maximum price you would pay:
A2: 1200
A3: 1200
A4: 1200
A5: 1200
A6: 1200
A7: 1200
A8: 1200
A9: 1200
A10: 1200
A11: 1200
A12: 1200
A13: 1200
... A185: 800

Sheet Statistics
A1: Number of elements (N) | B1: =COUNT('No Outliers'!A:A) -> 184 | C1: Mean | D1: Median | E1: Mode | F1: Maximum rent price you would pay | K1: *** I deleted the outlier $100,000 so that the chart is more readable
A2: Maximum value | B2: =MAX('No Outliers'!A:A) -> 1200 | C2: =$B$5 -> 1039.2935 | D2: =$B$6 -> 1000 | E2: =$B$7 -> 1200 | F2: ='Prepared Data'!A2 -> 3000
A3: Minimum value | B3: =MIN('No Outliers'!A:A) -> 800 | C3: =$B$5 -> 1039.2935 | D3: =$B$6 -> 1000 | E3: =$B$7 -> 1200 | F3: ='Prepared Data'!A3 -> 1800
A4: Range = Max – Min | B4: =B2-B3 -> 400 | C4: =$B$5 -> 1039.2935 | D4: =$B$6 -> 1000 | E4: =$B$7 -> 1200 | F4: ='Prepared Data'!A4 -> 1200
A5: Mean | B5: =AVERAGE('No Outliers'!A:A) -> 1039.2935 | C5: =$B$5 -> 1039.2935 | D5: =$B$6 -> 1000 | E5: =$B$7 -> 1200 | F5: ='Prepared Data'!A5 -> 1200
A6: Median | B6: =MEDIAN('No Outliers'!A:A) -> 1000 | C6: =$B$5 -> 1039.2935 | D6: =$B$6 -> 1000 | E6: =$B$7 -> 1200 | F6: ='Prepared Data'!A6 -> 800
A7: Mode (if applicable) | B7: =MODE('No Outliers'!A:A) -> 1200 | C7: =$B$5 -> 1039.2935 | D7: =$B$6 -> 1000 | E7: =$B$7 -> 1200 | F7: ='Prepared Data'!A7 -> 1450
A8: Sample Variance | B8: =_xlfn.VAR.S('No Outliers'!A:A) -> 18750.864 | C8: =$B$5 -> 1039.2935 | D8: =$B$6 -> 1000 | E8: =$B$7 -> 1200 | F8: ='Prepared Data'!A8 -> 1000
A9: Sample Standard Deviation | B9: =_xlfn.STDEV.S('No Outliers'!A:A) -> 136.9338 | C9: =$B$5 -> 1039.2935 | D9: =$B$6 -> 1000 | E9: =$B$7 -> 1200 | F9: ='Prepared Data'!A9 -> 800
C10: =$B$5 -> 1039.2935 | D10: =$B$6 -> 1000 | E10: =$B$7 -> 1200 | F10: ='Prepared Data'!A10 -> 1200
C11: =$B$5 -> 1039.2935 | D11: =$B$6 -> 1000 | E11: =$B$7 -> 1200 | F11: ='Prepared Data'!A11 -> 1200
C12: =$B$5 -> 1039.2935 | D12: =$B$6 -> 1000 | E12: =$B$7 -> 1200 | F12: ='Prepared Data'!A12 -> 1000
C13: =$B$5 -> 1039.2935 | D13: =$B$6 -> 1000 | E13: =$B$7 -> 1200 | F13: ='Prepared Data'!A13 -> 475
C14: =$B$5 -> 1039.2935 | D14: =$B$6 -> 1000 | E14: =$B$7 -> 1200 | F14: ='Prepared Data'!A14 -> 900
C15: =$B$5 -> 1039.2935 | D15: =$B$6 -> 1000 | E15: =$B$7 -> 1200 | F15: ='Prepared Data'!A15 -> 900
C16: =$B$5 -> 1039.2935 | D16: =$B$6 -> 1000 | E16: =$B$7 -> 1200 | F16: ='Prepared Data'!A16 -> 1000
C17: =$B$5 -> 1039.2935 | D17: =$B$6 -> 1000 | E17: =$B$7 -> 1200 | F17: ='Prepared Data'!A17 -> 850
C18: =$B$5 -> 1039.2935 | D18: =$B$6 -> 1000 | E18: =$B$7 -> 1200 | F18: ='Prepared Data'!A18 -> 1500
C19: =$B$5 -> 1039.2935 | D19: =$B$6 -> 1000 | E19: =$B$7 -> 1200 | F19: ='Prepared Data'!A19 -> 1200
C20: =$B$5 -> 1039.2935 | D20: =$B$6 -> 1000 | E20: =$B$7 -> 1200 | F20: ='Prepared Data'!A20 -> 1000
C21: =$B$5 -> 1039.2935 | D21: =$B$6 -> 1000 | E21: =$B$7 -> 1200 | F21: ='Prepared Data'!A21 -> 1200
... C415: =$B$5 -> 1039.2935 | D415: =$B$6 -> 1000 | E415: =$B$7 -> 1200 | F415: ='Prepared Data'!A415 -> 1200

Sheet Histograms
K18: # of bins | L18: =SQRT(Statistics!B1) -> 13.56466 | M18: 14
K19: width | L19: =Statistics!B4/Histograms!L18 -> 29.488391 | M19: 30
K33: median +100 | L33: =Statistics!B6 +100 -> 1100
K34: median -100 | L34: =Statistics!B6 -100 -> 900
K36: # of bins | L36: =SQRT(Statistics!B1) -> 13.56466 | M36: 14
K37: range | L37: =Statistics!B4 -> 400
K38: bin width | L38: =L37/L36 -> 29.488391 | M38: 30
