Workbook

Sheet Decision Making Matrix
D1: Car Purchase Decision Analysis
D2: Car option 1 | G2: Car option 2 | J2: Car option 3 | O2: List of possible criteria to consider | P2: Yes/No List | Q2: Values list
O3: Street legality | P3: Yes | Q3: 0
O4: Sports car | P4: No | Q4: 1
D5: 2006 Mercedes E55 AMG | G5: 2018 Toyota Tacoma | J5: 2024 Subaru BRZ | O5: Gas-powered vehicle | Q5: 2
B6: Objectives | D6: Description of assessment | E6: fullfilled? | F6: Is this a Go Solution? | G6: Description of assessment | H6: fullfilled? | I6: Is this a Go Solution? | J6: Description of assessment | K6: fullfilled? | L6: Is this a Go Solution? | O6: Reliability | Q6: 3
A7: Musts | B7: Street legality | E7: Yes | F7: =IF(E7="Yes","Go","No go") -> Go | H7: Yes | I7: =IF(H7="Yes","Go","No go") -> Go | K7: Yes | L7: =IF(K7="Yes","Go","No go") -> Go | O7: DIY repair easiness | Q7: 4
B8: Sports car | E8: Yes | F8: =IF(E8="Yes","Go","No go") -> Go | H8: No | I8: =IF(H8="Yes","Go","No go") -> No go | K8: Yes | L8: =IF(K8="Yes","Go","No go") -> Go | O8: Social perception | Q8: 5
B9: Gas-powered vehicle | E9: Yes | F9: =IF(E9="Yes","Go","No go") -> Go | H9: Yes | I9: =IF(H9="Yes","Go","No go") -> Go | K9: Yes | L9: =IF(K9="Yes","Go","No go") -> Go | O9: Gas mileage | Q9: 6
O10: Practicality | Q10: 7
E11: Total | F11: =COUNTIF(F7:F10,"Go") -> 3 | H11: Total | I11: =COUNTIF(I7:I10,"Go") -> 2 | K11: Total | L11: =COUNTIF(L7:L10,"Go") -> 3 | O11: Driving engagement | Q11: 8
O12: Acceleration | Q12: 9
C13: Weight | D13: Description of assessment | E13: Rating | F13: Weighted Score option 1 | G13: Description of assessment | H13: Rating | I13: Weighted Score option 2 | J13: Description of assessment | K13: Rating | L13: Weighted Score Option 3 | Q13: 10
A14: Wants | B14: Reliability | C14: 4 | D14: older German car | E14: 6 | F14: =C14*E14 -> 24 | G14: very reliable truck | H14: 10 | I14: =C14*H14 -> 40 | J14: generally reliable | K14: 8 | L14: =C14*K14 -> 32
B15: DIY repair easiness | C15: 7 | D15: complex engine bay | E15: 3 | F15: =C15*E15 -> 21 | G15: simple truck design | H15: 9 | I15: =C15*H15 -> 63 | J15: relatively simple | K15: 8 | L15: =C15*K15 -> 56
B16: Social perception | C16: 7 | D16: performance sedan | E16: 9 | F16: =C16*E16 -> 63 | G16: mainstream | H16: 5 | I16: =C16*H16 -> 35 | J16: entry-level sports car | K16: 5 | L16: =C16*K16 -> 35
B17: Gas mileage | C17: 5 | D17: poor, and requires 93 octane | E17: 3 | F17: =C17*E17 -> 15 | G17: average | H17: 6 | I17: =C17*H17 -> 30 | J17: good | K17: 8 | L17: =C17*K17 -> 40
B18: Practicality | C18: 3 | D18: usable | E18: 7 | F18: =C18*E18 -> 21 | G18: very practical | H18: 9 | I18: =C18*H18 -> 27 | J18: limited space inside | K18: 3 | L18: =C18*K18 -> 9
B19: Acceleration | C19: 9 | D19: excellent | E19: 10 | F19: =C19*E19 -> 90 | G19: slow, even for a truck | H19: 5 | I19: =C19*H19 -> 45 | J19: could be better | K19: 7 | L19: =C19*K19 -> 63
B20: Driving engagement | C20: 10 | D20: very solid | E20: 10 | F20: =C20*E20 -> 100 | G20: not sporty | H20: 4 | I20: =C20*H20 -> 40 | J20: very nimble | K20: 10 | L20: =C20*K20 -> 100
D22: Consolidated Weighted Scores | F22: =SUM(F14:F20) -> 334 | I22: =SUM(I14:I20) -> 280 | L22: =SUM(L14:L20) -> 335

Sheet Results
B1: ='Decision Making Matrix'!D5 -> 2006 Mercedes E55 AMG | C1: ='Decision Making Matrix'!G5 -> 2018 Toyota Tacoma | D1: ='Decision Making Matrix'!J5 -> 2024 Subaru BRZ
A2: Consolidated Weighted Scores | B2: ='Decision Making Matrix'!F22 -> 334 | C2: ='Decision Making Matrix'!I22 -> 280 | D2: ='Decision Making Matrix'!L22 -> 335

Sheet Honor Pledge
A1: On my honor, I, Josh Cha,have neither given nor received unauthorized aid in doing this assignment.
